{"cameraMode":{"drawMode":0,"name":"Shaded","section":"Shading Mode"},"sceneLighting":true,"audioPlay":false,"sceneViewState":{"showFog":true,"showMaterialUpdate":false,"showSkybox":true,"showFlares":true,"showImageEffects":true,"showParticleSystems":true},"in2DMode":false,"pivot":{"x":296.07000732421877,"y":2.658813953399658,"z":685.7350463867188},"rotation":{"x":-0.16921061277389527,"y":0.6586695313453674,"z":-0.15553122758865357,"w":-0.7165029048919678},"size":35.114173889160159,"orthographic":false}