{"cameraMode":{"drawMode":0,"name":"Shaded","section":"Shading Mode"},"sceneLighting":false,"audioPlay":false,"sceneViewState":{"showFog":true,"showMaterialUpdate":false,"showSkybox":false,"showFlares":true,"showImageEffects":true,"showParticleSystems":true},"in2DMode":false,"pivot":{"x":218.0056915283203,"y":0.5113711357116699,"z":34.35603713989258},"rotation":{"x":0.026695558801293374,"y":-0.019514920189976693,"z":-0.00030283533851616085,"w":-0.9995215535163879},"size":3.866795063018799,"orthographic":false}