{"cameraMode":{"drawMode":0,"name":"Shaded","section":"Shading Mode"},"sceneLighting":false,"audioPlay":false,"sceneViewState":{"showFog":true,"showMaterialUpdate":false,"showSkybox":false,"showFlares":true,"showImageEffects":true,"showParticleSystems":true},"in2DMode":false,"pivot":{"x":45.32615661621094,"y":58.13919448852539,"z":-49.324378967285159},"rotation":{"x":0.12089309096336365,"y":0.822303295135498,"z":-0.1902943104505539,"w":0.5225263833999634},"size":3.0212950706481935,"orthographic":false}