{"cameraMode":{"drawMode":0,"name":"Shaded","section":"Shading Mode"},"sceneLighting":false,"audioPlay":false,"sceneViewState":{"showFog":true,"showMaterialUpdate":false,"showSkybox":false,"showFlares":true,"showImageEffects":true,"showParticleSystems":true},"in2DMode":false,"pivot":{"x":429.268310546875,"y":5.0593671798706059,"z":646.5992431640625},"rotation":{"x":-0.1680707335472107,"y":-0.6680933833122253,"z":0.15889854729175569,"w":-0.7072606682777405},"size":8.048912048339844,"orthographic":false}