{"cameraMode":{"drawMode":0,"name":"Shaded","section":"Shading Mode"},"sceneLighting":true,"audioPlay":false,"sceneViewState":{"showFog":true,"showMaterialUpdate":false,"showSkybox":true,"showFlares":true,"showImageEffects":true,"showParticleSystems":true},"in2DMode":false,"pivot":{"x":278.4451904296875,"y":-15.17903995513916,"z":692.572265625},"rotation":{"x":-0.21854153275489808,"y":0.721025824546814,"z":-0.26106148958206179,"w":-0.6035338640213013},"size":43.52174377441406,"orthographic":false}