{"cameraMode":{"drawMode":0,"name":"Shaded","section":"Shading Mode"},"sceneLighting":false,"audioPlay":false,"sceneViewState":{"showFog":true,"showMaterialUpdate":false,"showSkybox":false,"showFlares":true,"showImageEffects":true,"showParticleSystems":true},"in2DMode":false,"pivot":{"x":300.1536865234375,"y":3.6137685775756838,"z":688.8347778320313},"rotation":{"x":-0.09375281631946564,"y":-0.8462136387825012,"z":0.15872207283973695,"w":-0.4999856948852539},"size":4.0416579246521,"orthographic":false}