{"cameraMode":{"drawMode":0,"name":"Shaded","section":"Shading Mode"},"sceneLighting":false,"audioPlay":false,"sceneViewState":{"showFog":true,"showMaterialUpdate":false,"showSkybox":false,"showFlares":true,"showImageEffects":true,"showParticleSystems":true},"in2DMode":false,"pivot":{"x":7.191399097442627,"y":64.97484588623047,"z":-59.47856903076172},"rotation":{"x":0.12089309096336365,"y":0.822303295135498,"z":-0.1902943104505539,"w":0.5225263833999634},"size":109.29948425292969,"orthographic":false}