{"cameraMode":{"drawMode":0,"name":"Shaded","section":"Shading Mode"},"sceneLighting":false,"audioPlay":false,"sceneViewState":{"showFog":true,"showMaterialUpdate":false,"showSkybox":false,"showFlares":true,"showImageEffects":true,"showParticleSystems":true},"in2DMode":false,"pivot":{"x":150.07684326171876,"y":3.305000066757202,"z":347.2300109863281},"rotation":{"x":-0.055613595992326739,"y":0.93967205286026,"z":-0.18500234186649323,"w":-0.28238528966903689},"size":2526.8427734375,"orthographic":false}