{"cameraMode":{"drawMode":0,"name":"Shaded","section":"Shading Mode"},"sceneLighting":false,"audioPlay":false,"sceneViewState":{"showFog":true,"showMaterialUpdate":false,"showSkybox":false,"showFlares":true,"showImageEffects":true,"showParticleSystems":true},"in2DMode":false,"pivot":{"x":45.688106536865237,"y":42.494773864746097,"z":2.4841442108154299},"rotation":{"x":-0.09874286502599716,"y":0.843367338180542,"z":-0.16603781282901765,"w":-0.5014543533325195},"size":14.289420127868653,"orthographic":false}