{"cameraMode":{"drawMode":0,"name":"Shaded","section":"Shading Mode"},"sceneLighting":true,"audioPlay":false,"sceneViewState":{"showFog":true,"showMaterialUpdate":false,"showSkybox":true,"showFlares":true,"showImageEffects":true,"showParticleSystems":true},"in2DMode":false,"pivot":{"x":300.489990234375,"y":0.8765662312507629,"z":695.3742065429688},"rotation":{"x":-0.03381973132491112,"y":0.9651756882667542,"z":-0.2051074057817459,"w":-0.15896867215633393},"size":18.008018493652345,"orthographic":false}