{"cameraMode":{"drawMode":0,"name":"Shaded","section":"Shading Mode"},"sceneLighting":false,"audioPlay":false,"sceneViewState":{"showFog":true,"showMaterialUpdate":false,"showSkybox":false,"showFlares":true,"showImageEffects":true,"showParticleSystems":true},"in2DMode":false,"pivot":{"x":300.3039245605469,"y":3.4168100357055666,"z":691.3424072265625},"rotation":{"x":0.17902086675167085,"y":-0.009738042019307614,"z":0.001772036892361939,"w":0.9837958216667175},"size":3.324068546295166,"orthographic":false}