{"cameraMode":{"drawMode":0,"name":"Shaded","section":"Shading Mode"},"sceneLighting":false,"audioPlay":false,"sceneViewState":{"showFog":true,"showMaterialUpdate":false,"showSkybox":false,"showFlares":true,"showImageEffects":true,"showParticleSystems":true},"in2DMode":false,"pivot":{"x":279.06451416015627,"y":-3.3483681678771974,"z":771.31591796875},"rotation":{"x":-0.11762791872024536,"y":0.004707169719040394,"z":-0.0005117419641464949,"w":-0.9930738806724548},"size":78.77290344238281,"orthographic":false}