{"cameraMode":{"drawMode":0,"name":"Shaded","section":"Shading Mode"},"sceneLighting":false,"audioPlay":false,"sceneViewState":{"showFog":true,"showMaterialUpdate":false,"showSkybox":false,"showFlares":true,"showImageEffects":true,"showParticleSystems":true},"in2DMode":false,"pivot":{"x":301.2379455566406,"y":4.648855209350586,"z":696.9815063476563},"rotation":{"x":-0.002034741686657071,"y":0.9841706156730652,"z":-0.011215616948902607,"w":-0.1769872009754181},"size":3.6851086616516115,"orthographic":false}