{"cameraMode":{"drawMode":0,"name":"Shaded","section":"Shading Mode"},"sceneLighting":false,"audioPlay":false,"sceneViewState":{"showFog":true,"showMaterialUpdate":false,"showSkybox":false,"showFlares":true,"showImageEffects":true,"showParticleSystems":true},"in2DMode":false,"pivot":{"x":300.0804748535156,"y":5.024341583251953,"z":691.664306640625},"rotation":{"x":0.014744552783668042,"y":0.978560745716095,"z":-0.19114071130752564,"w":0.07556820660829544},"size":2.8220372200012209,"orthographic":false}