{"cameraMode":{"drawMode":0,"name":"Shaded","section":"Shading Mode"},"sceneLighting":false,"audioPlay":false,"sceneViewState":{"showFog":true,"showMaterialUpdate":false,"showSkybox":false,"showFlares":true,"showImageEffects":true,"showParticleSystems":true},"in2DMode":false,"pivot":{"x":300.9079284667969,"y":4.120579719543457,"z":691.8707275390625},"rotation":{"x":-0.09849376231431961,"y":0.8441187143325806,"z":-0.16618579626083375,"w":-0.5001888275146484},"size":3.584674835205078,"orthographic":false}