{"cameraMode":{"drawMode":0,"name":"Shaded","section":"Shading Mode"},"sceneLighting":true,"audioPlay":false,"sceneViewState":{"showFog":true,"showMaterialUpdate":false,"showSkybox":false,"showFlares":true,"showImageEffects":true,"showParticleSystems":true},"in2DMode":false,"pivot":{"x":320.9200134277344,"y":-2.6117210388183595,"z":718.739990234375},"rotation":{"x":-0.13597479462623597,"y":-0.863476037979126,"z":0.32741647958755495,"w":-0.3588552176952362},"size":186.12025451660157,"orthographic":false}