{"cameraMode":{"drawMode":0,"name":"Shaded","section":"Shading Mode"},"sceneLighting":false,"audioPlay":false,"sceneViewState":{"showFog":true,"showMaterialUpdate":false,"showSkybox":false,"showFlares":true,"showImageEffects":true,"showParticleSystems":true},"in2DMode":false,"pivot":{"x":300.3126220703125,"y":0.6330122947692871,"z":695.548828125},"rotation":{"x":0.015139425173401833,"y":-0.9849257469177246,"z":0.11965423822402954,"w":0.12422431260347367},"size":4.530478477478027,"orthographic":false}